{
	"$schema": "http://json-schema.org/draft-07/schema",
	"properties": {
		"minecraft:behavior.move_towards_dwelling_restiction": {
			"description": "Allows Guardians, Iron Golems and Villagers to move within their pre-defined area that the mob should be restricted to. Other mobs don't have a restriction defined.",
			"additionalProperties": false,
			"properties": {
				"priority": {
					"type": "number"
				},
				"speed_multiplier": {
					"description": "Movement speed multiplier of the mob when using this AI Goal.",
					"type": "number"
				},
				"control_flags": {
					"type": "string",
					"enum": ["move", "look"]
				}
			}
		},
		"minecraft:behavior.move_towards_home_restiction": {
			"description": "Allows Guardians, Iron Golems and Villagers to move within their pre-defined area that the mob should be restricted to. Other mobs don't have a restriction defined.",
			"additionalProperties": false,
			"properties": {
				"priority": {
					"type": "number"
				},
				"speed_multiplier": {
					"description": "Movement speed multiplier of the mob when using this AI Goal.",
					"type": "number"
				},
				"control_flags": {
					"type": "string",
					"enum": ["move", "look"]
				}
			}
		},
		"minecraft:behavior.send_event": {
			"properties": {
				"event_choices": {
					"type": "array",
					"items": {
						"properties": {
							"look_at_target": {
								"description": "If true, the mob will face the entity it sends an event to.",
								"type": "boolean"
							}
						}
					}
				}
			}
		}
	}
}
