{
    "format_version": "1.16.100",
    "minecraft:item": {
      "description": {
        "identifier": "{{PROJECT_PREFIX}}:{{IDENTIFIER}}_leggings",
		    "category": "equipment"
      },
      "components": {
        "minecraft:max_stack_size": 1, 
        "minecraft:enchantable": {     
          "value": 9,		    
          "slot": "armor_legs"	 
        },
        "minecraft:durability": {		
          "max_durability": 125,		
          "damage_chance": {		
            "min": 60,			
            "max": 100
          }
        },
        "minecraft:icon": {	
          "texture": "{{PROJECT_PREFIX}}_{{IDENTIFIER}}_leggings"
        },
        "minecraft:render_offsets": "leggings",	
        "minecraft:armor": {		
          "protection": 5		
        },
        "minecraft:wearable": {		
          "slot": "slot.armor.legs"	
        }
      }
    }
  }