{
	"$schema": "http://json-schema.org/draft-07/schema",
	"definitions": {
		"materials": {
			"type": "string",
			"enum": [
				"entity_static",
				"entity_flat_color_line",
				"entity_loyalty_rope",
				"entity",
				"opaque_block",
				"opaque_block_color",
				"opaque_block_color_uv2",
				"alpha_block",
				"alpha_block_color",
				"entity_nocull",
				"entity_change_color",
				"entity_alphatest",
				"map",
				"item_in_hand_entity_alphatest",
				"item_in_hand_entity_alphatest_color",
				"entity_alphablend",
				"entity_alphablend_nocolor",
				"guardian_ghost",
				"entity_emissive",
				"entity_emissive_alpha",
				"entity_emissive_alpha_one_sided",
				"entity_custom",
				"item_in_hand",
				"item_in_hand_multicolor_tint",
				"map_decoration",
				"map_marker",
				"charged_creeper",
				"item_in_hand_glint",
				"entity_glint",
				"entity_alphatest_glint",
				"entity_alphatest_glint_item",
				"entity_change_color_glint",
				"entity_alphatest_change_color",
				"entity_alphatest_change_color_glint",
				"entity_alphatest_multicolor_tint",
				"beacon_beam",
				"beacon_beam_transparent",
				"conduit_wind",
				"entity_multitexture",
				"entity_multitexture_color_mask",
				"entity_multitexture_alpha_test",
				"entity_multitexture_multiplicative_blend",
				"entity_multitexture_alpha_test_color_mask",
				"entity_lead_base",
				"entity_multitexture_masked",
				"moving_block",
				"moving_block_seasons",
				"moving_block_alpha_seasons",
				"moving_block_alpha_single_side",
				"moving_block_alpha",
				"moving_block_double_side",
				"moving_block_blend",
				"entity_beam",
				"entity_beam_additive",
				"entity_dissolve_layer0",
				"entity_dissolve_layer1",
				"banner",
				"banner_pole",
				"agent",
				"armor",
				"armor_leather",
				"armor_enchanted",
				"armor_leather_enchanted",
				"armor_stand",
				"arrow",
				"bat",
				"bee",
				"bed",
				"bell",
				"blaze_head",
				"blaze_body",
				"boat",
				"chalkboard",
				"chest",
				"chicken",
				"chicken_legs",
				"cow",
				"creeper",
				"dragon_head",
				"drowned",
				"elytra",
				"enchanting_table_book",
				"ender_crystal",
				"ender_dragon",
				"enderman",
				"enderman_invisible",
				"endermite",
				"evoker",
				"fang",
				"fishing_hook",
				"fox",
				"cat",
				"clownfish",
				"cod",
				"conduit",
				"pufferfish",
				"salmon",
				"tropicalfish",
				"ghast",
				"guardian",
				"horse",
				"horse_leather_armor",
				"horse_saddle",
				"horse_hair",
				"husk",
				"husk_clothes",
				"ravager",
				"iron_golem",
				"magma_cube",
				"leash_knot",
				"llama",
				"llama_spit",
				"minecart",
				"mob_head",
				"mooshroom",
				"mooshroom_mushrooms",
				"npc",
				"ocelot",
				"parrot",
				"pig",
				"shield",
				"shield_glint",
				"trident",
				"trident_riptide",
				"trident_glint",
				"piston_arm",
				"player",
				"player_alphatest",
				"polar_bear",
				"panda",
				"rabbit",
				"sheep",
				"shulker",
				"shulker_box",
				"shulker_bullet",
				"sign",
				"silverfish",
				"silverfish_layers",
				"skeleton",
				"pillager",
				"slime",
				"slime_outer",
				"snow_golem",
				"snow_golem_pumpkin",
				"spider",
				"spider_invisible",
				"squid",
				"dolphin",
				"phantom",
				"phantom_invisible",
				"stray",
				"stray_clothes",
				"turtle",
				"camera",
				"vex",
				"villager",
				"villager_v2",
				"villager_v2_masked",
				"vindicator",
				"wandering_trader",
				"witch",
				"wither_boss",
				"wither_boss_armor",
				"wolf",
				"zombie",
				"zombie_villager",
				"zombie_villager_v2",
				"zombie_villager_v2_masked",
				"player_animated"
			]
		}
	}
}
