{
	"id": "animation",
	"scope": "BP/animations/",
	"icon": "mdi-movie-open-outline",
	"matcher": ["BP/animations/**/*.json", "BP/animations/*.json"],
	"schema": "file:///data/packages/minecraftBedrock/schema/animation/main.json",
	"lightningCache": "animation.json",
	"packSpider": "animation.json",

	"definitions": {
		"functionPath": {
			"directReference": true
		}
	},
	"documentation": {
		"baseUrl": "https://bedrock.dev/docs/stable/Entity%20Events#Animation%20Events",
		"supportsQuerying": false
	}
}
