{
	"id": "attachable",
	"icon": "mdi-hat-fedora",
	"scope": "RP/attachables/",
	"matcher": ["RP/attachables/**/*.json", "RP/attachables/*.json"],
	"schema": "file:///data/packages/minecraftBedrock/schema/attachable/main.json",
	"lightningCache": "attachable.json",

	"definitions": {
		"itemIdentifier": [
			{
				"from": "item",
				"match": "identifier"
			},
			{
				"from": "clientItem",
				"match": "identifier"
			}
		],
		"particle_identifier": [
			{
				"from": "particle",
				"match": "identifier"
			}
		],
		"animationIdentifier": [
			{
				"from": "clientAnimation",
				"match": "identifier"
			}
		],
		"geometryIdentifier": [
			{
				"from": "geometry",
				"match": "identifier"
			}
		],
		"soundEffectIdentifier": [
			{
				"from": "soundDefinition",
				"match": "identifier"
			}
		],
		"renderControllerIdentifier": [
			{
				"from": "renderController",
				"match": "identifier"
			}
		],
		"texturePath": {
			"directReference": true
		}
	}
}
