{
	"id": "clientAnimation",
	"icon": "mdi-movie-open-outline",
	"scope": "RP/animations/",
	"matcher": ["RP/animations/**/*.json", "RP/animations/*.json"],
	"schema": "file:///data/packages/minecraftBedrock/schema/clientAnimation/main.json",
	"lightningCache": "clientAnimation.json",

	"definitions": {
		"particleEffect": [
			{
				"from": "clientEntity",
				"match": "particleReference"
			},
			{
				"from": "attachable",
				"match": "particleReference"
			}
		],
		"soundEffect": [
			{
				"from": "clientEntity",
				"match": "soundReference"
			},
			{
				"from": "attachable",
				"match": "soundReference"
			}
		]
	},
	"documentation": {
		"baseUrl": "https://bedrock.dev/docs/stable/Animations#Animations",
		"supportsQuerying": false
	}
}
