{
	"id": "gameTest",
	"icon": "mdi-test-tube",
	"scope": "BP/scripts/gametests/",
	"matcher": [
		"BP/scripts/gametests/*.js",
		"BP/scripts/gametests/**/*.js",
		"BP/scripts/gametests/*.ts",
		"BP/scripts/gametests/**/*.ts"
	],
	"types": [
		"types/gameTest/common.d.ts",
		[
			"types/gameTest/v1.16.220.d.ts",
			{ "targetVersion": ["<=", "v1.16.210"] }
		],
		[
			"types/gameTest/v1.16.230.d.ts",
			{ "targetVersion": [">=", "v1.16.220"] }
		],
		["types/gameTest/v1.17.0.d.ts", { "targetVersion": [">=", "v1.17.0"] }]
	]
}
