{
	"id": "spawnRule",
	"icon": "mdi-egg-outline",
	"scope": "BP/spawn_rules/",
	"matcher": ["BP/spawn_rules/**/*.json", "BP/spawn_rules/*.json"],
	"schema": "file:///data/packages/minecraftBedrock/schema/spawnRule/main.json",
	"lightningCache": "spawnRule.json",

	"definitions": {
		"identifier": [
			{
				"from": "entity",
				"match": "identifier"
			},
			{
				"from": "clientEntity",
				"match": "identifier"
			}
		]
	},
	"documentation": {
		"baseUrl": "https://bedrock.dev/docs/stable/Entities#Data-Driven%20Spawning",
		"supportsQuerying": false
	}
}
