{
	"sound_definitions": {
		"mob.{{IDENTIFIER}}.death": {
			"__use_legacy_max_distance": "true",
			"category": "hostile",
			"sounds": ["sounds/mob/spider/death"]
		},
		"mob.{{IDENTIFIER}}.say": {
			"__use_legacy_max_distance": "true",
			"category": "hostile",
			"sounds": [
				"sounds/mob/spider/say1",
				"sounds/mob/spider/say2",
				"sounds/mob/spider/say3",
				{
					"load_on_low_memory": true,
					"name": "sounds/mob/spider/say4"
				}
			]
		},
		"mob.{{IDENTIFIER}}.step": {
			"__use_legacy_max_distance": "true",
			"category": "hostile",
			"sounds": [
				{
					"load_on_low_memory": true,
					"name": "sounds/mob/spider/step1"
				},
				"sounds/mob/spider/step2",
				"sounds/mob/spider/step3",
				"sounds/mob/spider/step4"
			]
		}
	}
}
