{
	"sound_definitions": {
		"mob.{{IDENTIFIER}}.bite": {
			"__use_legacy_max_distance": "true",
			"category": "hostile",
			"sounds": [
				"sounds/mob/panda/bite1",
				"sounds/mob/panda/bite2",
				"sounds/mob/panda/bite3"
			]
		},
		"mob.{{IDENTIFIER}}.cant_breed": {
			"__use_legacy_max_distance": "true",
			"category": "neutral",
			"sounds": [
				"sounds/mob/panda/cant_breed1",
				"sounds/mob/panda/cant_breed2",
				"sounds/mob/panda/cant_breed3",
				"sounds/mob/panda/cant_breed4",
				"sounds/mob/panda/cant_breed5"
			]
		},
		"mob.{{IDENTIFIER}}.death": {
			"__use_legacy_max_distance": "true",
			"category": "hostile",
			"sounds": [
				"sounds/mob/panda/death1",
				"sounds/mob/panda/death2",
				"sounds/mob/panda/death3",
				"sounds/mob/panda/death4"
			]
		},
		"mob.{{IDENTIFIER}}.eat": {
			"__use_legacy_max_distance": "true",
			"category": "neutral",
			"sounds": [
				"sounds/mob/panda/eat1",
				"sounds/mob/panda/eat2",
				"sounds/mob/panda/eat3",
				"sounds/mob/panda/eat4",
				{
					"name": "sounds/mob/panda/eat5",
					"volume": 0.85
				},
				"sounds/mob/panda/eat6",
				"sounds/mob/panda/eat7",
				"sounds/mob/panda/eat8",
				"sounds/mob/panda/eat9",
				"sounds/mob/panda/eat10",
				"sounds/mob/panda/eat11",
				"sounds/mob/panda/eat12"
			]
		},
		"mob.{{IDENTIFIER}}.hurt": {
			"__use_legacy_max_distance": "true",
			"category": "hostile",
			"sounds": [
				"sounds/mob/panda/hurt1",
				"sounds/mob/panda/hurt2",
				"sounds/mob/panda/hurt3",
				"sounds/mob/panda/hurt4",
				"sounds/mob/panda/hurt5",
				"sounds/mob/panda/hurt6"
			]
		},
		"mob.{{IDENTIFIER}}.idle": {
			"__use_legacy_max_distance": "true",
			"category": "neutral",
			"sounds": [
				"sounds/mob/panda/idle1",
				"sounds/mob/panda/idle2",
				"sounds/mob/panda/idle3",
				"sounds/mob/panda/idle4",
				"sounds/mob/panda/nosebreath1",
				"sounds/mob/panda/nosebreath2",
				"sounds/mob/panda/nosebreath3",
				"sounds/mob/panda/pant1",
				"sounds/mob/panda/pant2"
			]
		},
		"mob.{{IDENTIFIER}}.idle.aggressive": {
			"__use_legacy_max_distance": "true",
			"category": "neutral",
			"sounds": [
				"sounds/mob/panda/aggressive1",
				"sounds/mob/panda/aggressive2",
				"sounds/mob/panda/aggressive3",
				{
					"name": "sounds/mob/panda/aggressive4",
					"volume": 0.8
				},
				"sounds/mob/panda/nosebreath2",
				"sounds/mob/panda/nosebreath3",
				"sounds/mob/panda/pant1",
				"sounds/mob/panda/pant2"
			]
		},
		"mob.{{IDENTIFIER}}.idle.worried": {
			"__use_legacy_max_distance": "true",
			"category": "neutral",
			"sounds": [
				"sounds/mob/panda/worried2",
				"sounds/mob/panda/worried3",
				"sounds/mob/panda/worried4",
				"sounds/mob/panda/worried5",
				"sounds/mob/panda/worried6",
				"sounds/mob/panda/pant2"
			]
		},
		"mob.{{IDENTIFIER}}.presneeze": {
			"__use_legacy_max_distance": "true",
			"sounds": ["sounds/mob/panda/pre_sneeze"]
		},
		"mob.{{IDENTIFIER}}.sneeze": {
			"__use_legacy_max_distance": "true",
			"sounds": [
				"sounds/mob/panda/sneeze1",
				"sounds/mob/panda/sneeze2",
				"sounds/mob/panda/sneeze3"
			]
		},
		"mob.{{IDENTIFIER}}.step": {
			"__use_legacy_max_distance": "true",
			"category": "neutral",
			"sounds": [
				"sounds/mob/panda/step1",
				"sounds/mob/panda/step2",
				"sounds/mob/panda/step3",
				"sounds/mob/panda/step4",
				"sounds/mob/panda/step5"
			]
		},
		"mob.{{IDENTIFIER}}_baby.idle": {
			"__use_legacy_max_distance": "true",
			"category": "neutral",
			"pitch": 1.5,
			"sounds": [
				"sounds/mob/panda/idle1",
				"sounds/mob/panda/idle2",
				"sounds/mob/panda/idle3",
				"sounds/mob/panda/idle4",
				"sounds/mob/panda/nosebreath1",
				"sounds/mob/panda/nosebreath2",
				"sounds/mob/panda/nosebreath3",
				"sounds/mob/panda/pant1",
				"sounds/mob/panda/pant2"
			]
		}
	}
}
