{
	"format_version": "1.8.0",
	"minecraft:client_entity": {
		"description": {
			"identifier": "{{PROJECT_PREFIX}}:{{IDENTIFIER}}",
			"materials": { "default": "ghast" },
			"textures": {
				"default": "textures/entity/{{PRESET_PATH}}{{IDENTIFIER}}/{{IDENTIFIER}}",
				"shooting": "textures/entity/{{PRESET_PATH}}{{IDENTIFIER}}/{{IDENTIFIER}}_shooting"
			},
			"geometry": {
				"default": "geometry.{{IDENTIFIER}}"
			},
			"spawn_egg": {
				"texture": "{{PROJECT_PREFIX}}_{{IDENTIFIER}}_egg",
				"texture_index": 0
			},
			"animations": {
				"move": "animation.{{IDENTIFIER}}.move",
				"scale": "animation.{{IDENTIFIER}}.scale"
			},
			"animation_controllers": [
				{ "move": "controller.animation.{{IDENTIFIER}}.move" },
				{ "scale": "controller.animation.{{IDENTIFIER}}.scale" }
			],
			"render_controllers": ["controller.render.{{IDENTIFIER}}"]
		}
	}
}
