{
	"$schema": "http://json-schema.org/draft-07/schema",
	"properties": {
		"minecraft:biome": {
			"required": ["description"],
			"additionalProperties": false,
			"properties": {
				"description": {
					"required": ["identifier"],
					"additionalProperties": false,
					"properties": {
						"identifier": {
							"$ref": "../../project/unprefixedFileIdentifierEnum.json"
						}
					}
				},
				"components": {
					"allOf": [
						{
							"$ref": "../v1.16.0/components.json"
						},
						{
							"$ref": "../v1.16.0/tag.json"
						},
						{
							"$ref": "./components.json"
						}
					]
				}
			}
		}
	}
}
