{
	"format_version": "1.13.0",
	"minecraft:entity": {
		"description": {
			"identifier": "{{PROJECT_PREFIX}}:{{IDENTIFIER}}",
			"is_spawnable": true,
			"is_summonable": true,
			"is_experimental": false,
			"runtime_identifier": "minecraft:villager"
		},
		"component_groups": {
			"good": {
				"minecraft:economy_trade_table": {
					"display_name": "Good {{IDENTIFIER}}",
					"table": "trading/economy_trades/{{IDENTIFIER}}_good.json",
					"new_screen": true
				}
			},
			"better": {
				"minecraft:economy_trade_table": {
					"display_name": "Better {{IDENTIFIER}}",
					"table": "trading/economy_trades/{{IDENTIFIER}}_better.json",
					"new_screen": true
				}
			},
			"best": {
				"minecraft:economy_trade_table": {
					"display_name": "Best {{IDENTIFIER}}",
					"table": "trading/economy_trades/{{IDENTIFIER}}_best.json",
					"new_screen": true
				}
			},
			"become_self": {
				"minecraft:transformation": {
					"into": "{{PROJECT_PREFIX}}:{{IDENTIFIER}}",
					"delay": 0.5
				}
			}
		},
		"components": {
			"minecraft:type_family": {
				"family": [
					"{{IDENTIFIER}}",
					"mob"
				]
			},
			"minecraft:timer": {
				"looping": false,
				"random_interval": true,
				"time": [
					300,
					1200
				],
				"time_down_event": {
					"event": "savage:become_self",
					"target": "self"
				}
			},
			"minecraft:breathable": {
				"total_supply": 15,
				"suffocate_time": 0
			},
			"minecraft:health": {
				"value": 20,
				"max": 20
			},
			"minecraft:hurt_on_condition": {
				"damage_conditions": [
					{
						"filters": {
							"test": "in_lava",
							"subject": "self",
							"operator": "==",
							"value": true
						},
						"cause": "lava",
						"damage_per_tick": 4
					}
				]
			},
			"minecraft:collision_box": {
				"width": 0.6,
				"height": 1.9
			},
			"minecraft:movement": {
				"value": 0.5
			},
			"minecraft:navigation.walk": {
				"can_path_over_water": true,
				"can_pass_doors": true,
				"can_open_doors": true,
				"avoid_water": true
			},
			"minecraft:movement.basic": {},
			"minecraft:jump.static": {},
			"minecraft:can_climb": {},
			"minecraft:behavior.float": {
				"priority": 0
			},
			"minecraft:behavior.trade_with_player": {
				"priority": 1
			},
			"minecraft:behavior.trade_interest": {
				"priority": 3,
				"within_radius": 6,
				"interest_time": 45,
				"remove_item_time": 1,
				"carried_item_switch_time": 2,
				"cooldown": 2
			},
			"minecraft:behavior.look_at_trading_player": {
				"priority": 2
			},
			"minecraft:behavior.panic": {
				"priority": 1,
				"speed_multiplier": 0.6
			},
			"minecraft:behavior.avoid_mob_type": {
				"priority": 2,
				"entity_types": [
					{
						"filters": {
							"any_of": [
								{
									"test": "is_family",
									"subject": "other",
									"value": "zombie"
								},
								{
									"test": "is_family",
									"subject": "other",
									"value": "zombie_villager"
								},
								{
									"test": "is_family",
									"subject": "other",
									"value": "zombie_pigman"
								},
								{
									"test": "is_family",
									"subject": "other",
									"value": "illager"
								},
								{
									"test": "is_family",
									"subject": "other",
									"value": "vex"
								}
							]
						},
						"walk_speed_multiplier": 0.6,
						"sprint_speed_multiplier": 0.6
					}
				],
				"max_dist": 6
			},
			"minecraft:behavior.restrict_open_door": {
				"priority": 5
			},
			"minecraft:behavior.open_door": {
				"priority": 6,
				"close_door_after": true
			},
			"minecraft:behavior.move_towards_restriction": {
				"priority": 7,
				"speed_multiplier": 0.6
			},
			"minecraft:behavior.look_at_player": {
				"priority": 8,
				"look_distance": 8,
				"probability": 0.02
			},
			"minecraft:behavior.random_look_around": {
				"priority": 9
			},
			"minecraft:physics": {},
			"minecraft:pushable": {
				"is_pushable": true,
				"is_pushable_by_piston": true
			}
		},
		"events": {
			"minecraft:entity_spawned": {
				"randomize": [
					{
						"weight": 5,
						"add": {
							"component_groups": [
								"good"
							]
						}
					},
					{
						"weight": 5,
						"add": {
							"component_groups": [
								"better"
							]
						}
					},
					{
						"weight": 5,
						"add": {
							"component_groups": [
								"best"
							]
						}
					}
				]
			},
			"minecraft:entity_transformed": {
				"randomize": [
					{
						"weight": 5,
						"add": {
							"component_groups": [
								"good"
							]
						}
					},
					{
						"weight": 5,
						"add": {
							"component_groups": [
								"better"
							]
						}
					},
					{
						"weight": 5,
						"add": {
							"component_groups": [
								"best"
							]
						}
					}
				]
			},
			"savage:become_self": {
				"add": {
					"component_groups": [
						"become_self"
					]
				}
			}
		}
	}
}