{
  "format_version": "1.16.100",
  "minecraft:item": {
    "description": {
      "identifier": "{{PROJECT_PREFIX}}:{{IDENTIFIER}}"
    },
    "components": {
      "minecraft:max_stack_size": 1,
      "minecraft:hand_equipped": true,
      "minecraft:durability": {
        "max_durability": 250
      },
      "minecraft:damage": 0,
      "minecraft:enchantable": {
        "value": 14,
        "slot": "hoe"
      },
      "minecraft:use_on": {
        "blocks": [
          "grass",
          "dirt",
          "grass_path"
        ]
      },
      "tag:minecraft:is_hoe": {}
    }
  }
}