[
	{
		"cacheKey": "identifier",
		"path": "minecraft:entity/description/identifier"
	},
	{ "cacheKey": "event", "path": "minecraft:entity/events" },
	{
		"cacheKey": "componentGroup",
		"path": "minecraft:entity/component_groups"
	},
	{
		"cacheKey": "animation",
		"path": "minecraft:entity/description/animations"
	},
	{
		"cacheKey": "family",
		"path": [
			"minecraft:entity/components/minecraft:type_family/family",
			"minecraft:entity/component_groups/*/minecraft:type_family/family"
		]
	},
	{
		"cacheKey": "lootTablePath",
		"path": [
			"minecraft:entity/components/minecraft:loot/table",
			"minecraft:entity/component_groups/*/minecraft:loot/table",
			"minecraft:entity/components/minecraft:behavior.sneeze/loot_table",
			"minecraft:entity/component_groups/*/minecraft:behavior.sneeze/loot_table",
			"minecraft:entity/components/minecraft:barter/barter_table",
			"minecraft:entity/component_groups/*/minecraft:barter/barter_table",

			"minecraft:entity/components/minecraft:interact/interactions/add_items/table",
			"minecraft:entity/component_groups/*/minecraft:interact/interactions/add_items/table",
			"minecraft:entity/components/minecraft:interact/interactions/*/add_items/table",
			"minecraft:entity/component_groups/*/minecraft:interact/interactions/*/add_items/table",

			"minecraft:entity/components/minecraft:interact/interactions/spawn_items/table",
			"minecraft:entity/component_groups/*/minecraft:interact/interactions/spawn_items/table",
			"minecraft:entity/components/minecraft:interact/interactions/*/spawn_items/table",
			"minecraft:entity/component_groups/*/minecraft:interact/interactions/*/spawn_items/table"
		],
		"script": "return `BP/${Bridge.value}`"
	},
	{
		"cacheKey": "tradeTablePath",
		"path": [
			"minecraft:entity/components/minecraft:trade_table/table",
			"minecraft:entity/component_groups/*/minecraft:trade_table/table",
			"minecraft:entity/components/minecraft:economy_trade_table/table",
			"minecraft:entity/component_groups/*/minecraft:economy_trade_table/table"
		],
		"script": "return `BP/${Bridge.value}`"
	},
	{
		"cacheKey": "functionPath",
		"path": "minecraft:entity/events/*/run_command",
		"script": "const func = /\\/function\\s+([aA-zZ0-9\\/]+)/g.exec(Bridge.value); if(func) return `BP/functions/${func[1]}.mcfunction`"
	},
	{
		"cacheKey": "animationIdentifier",
		"path": "minecraft:entity/description/animations/*"
	}
]
